Accra, Ghana 
Addis Ababa, Ethiopia 
Aguascalientes, Mexico 
Almaty, Kazakhstan 
Antananarivo, Madagascar 
Apia, Samoa 
Atlanta, GA, USA 
Auckland, New Zealand 
Baku, Azerbaijan 
Bangalore, Karnataka, India 
Bangui, Central African Republic 
Bardiya, Nepal 
Battambang, Cambodia 
Bhopal, Madhya Pradesh, India 
Bhubaneswar, Odic, India 
Boston, MA, USA 
Brasilia, Federal District, Brazil 
Bridgetown, Barbados 
Bukavu, Democratic Republic of the Congo 
Cali, Valle del Cauca, Colombia 
Canoas, Rio Grande do Sul, Brazil 
Cartagena de Indias, Bolivar, Colombia 
Chennai, Tamil Nadu, India 
Chibombo, Zambia 
Chicago, IL, USA 
Chisinau, Moldova 
Cochabamba, Bolivia 
Daidanaw, Yangon Region, Tawgyaung, Myanmar
Dakar, Senegal
Dallas, TX, USA 
Danane, CÃ´te d'Ivoire 
Dar es Salaam, Tanzania 
Dhaka, Bangladesh 
Dnipropetrovsk, Dnipropetrovsk Oblast, Ukraine
Durham, NC, USA 
Frankfurt, Germany 
Guwahati, Assam India 
Helsinki, Finland 
Istanbul, , , 2, Turkey
Jakarta, Indonesia 
Johannesburg, South Africa 
Kadugannawa, Sri Lanka 
Kampala, Uganda 
Kananga, Democratic Republic of the Congo 
Karachi, Pakistan 
Khujand, Sughd Province, Tajikistan
Kolkata, West Bengal India
Kuching, Sarawak, Malaysia 
Lae, Papua New Guinea 
Lima, Peru 
London, UK 
Lubumbashi, Democratic Republic of the Congo
Lucknow, Uttar Pradesh India 
Madrid, Spain 
Manila, Philippines 
Matunda Soy, , Matunda, Kenya
Moscow, Russia 
Mwinilunga, Zambia 
Mzuzu, Malawi 
Nadi, Fiji 
Nairobi, Kenya 
New Delhi, Delhi, India
Oakland, CA, USA
Otavalo, Ecuador 
Ouagadougou, Burkina Faso
Panchgani, Maharashtra, India 
Paris, France 
Patna, Bihar, India 
Perth, WA, Australia
Phoenix, AZ, USA 
Port-au-Prince, Haiti 
Port Dickson, Negeri Sembilan, Malaysia 
Port Moresby, Papua New Guinea 
Port-Vila, Vanuatu
San Diego, CA, USA 
San Jose, Costa Rica 
San Jose City, Philippines 
San Salvador, San Salvador, El Salvador 
Santiago, Santiago Metropolitan Region, Chile 
Sapele, Nigeria 
Sarh, Chad 
Seberang Perai, Penang, Perai, Malaysia
South Tarawa, , Bairiki, Kiribati
Sydney, NSW, Australia 
Tbilisi, Georgia 
Thyolo, Malawi 
Tirana, Albania 
Toronto, ON, Canada
Ulaanbaatar, Mongolia 
Vancouver, BC, Canada
Verona, Italy
Yaounde, Cameroon 
Kuching, China
Kinshasa, Democratic Republic of the Congo
Macau, Macau